<?xml version="1.0" ?>


<menu>
  <main>
    <item iconId="5" displayName="Play" action="playMenu" particleFile="particle1.psi" />
    <item iconId="2" displayName="Deck Editor" action="deckEditor" particleFile="particle2.psi" />
    <item iconId="1" displayName="Shop" action="shop" particleFile="particle3.psi" />
    <item iconId="4" displayName="Options" action="options" particleFile="particle4.psi" />
    <item iconId="3" displayName="Exit" action="quit" particleFile="particle5.psi" />
  </main>
  <other>
      <item displayName="Trophy Room" action="trophies" key="btn_next" />
  </other>
</menu>
<cardgui>
  <background>
     <card id="6" color="artifact" img="artifact.jpg" thumb="artifact_thumb.jpg" menuicon="1"/>
     <card id="0" color="green" img="green.jpg" thumb="green_thumb.jpg" menuicon="1"/>
     <card id="1" color="blue" img="blue.jpg" thumb="blue_thumb.jpg" menuicon="1"/>
     <card id="3" color="red" img="red.jpg" thumb="red_thumb.jpg" menuicon="1"/>
     <card id="2" color="black" img="black.jpg" thumb="black_thumb.jpg" menuicon="1"/>
     <card id="4" color="white" img="white.jpg" thumb="white_thumb.jpg" menuicon="1"/>
     <card id="5" color="land" img="land.jpg" thumb="land_thumb.jpg" menuicon="1"/>
     <card id="7" color="gold" img="gold.jpg" thumb="gold_thumb.jpg" menuicon="0"/>
    </background>
  <renderbig>
  	<item name="title" >
  	    <position x="22" y="25"/>
  	</item>
  	<item name="description" >
  	    <position x="22" y="80"/>
  	</item>    
    	<item name="powerlife" >
    	    <position x="158" y="247"/>
  	    <formattedtext>power/life</formattedtext>
    	    <filter>creature</filter>
    	</item>
  	<item name="mana" >
	    <position x="75" y="-112"/>
  	</item>
  	<item name="types" >
  	    <position x="22" y="49"/>
  	</item>
  	<item name="expansionrarity" >
	    <position x="22" y="255"/>
  	    <formattedtext>expansion rarity</formattedtext>
  	</item>
  	<item name="expansionrarity2" >
	    <position x="22" y="255"/>
	    <formattedtext>expansion rarity</formattedtext>
	    <font size="80" color="255,255,255,255" />
	    <filter>[black;green;blue]</filter>
  	</item>
  </renderbig>
  <rendertinycrop>
    	<item name="title" >
  	    <position x="22" y="25"/>
  	</item>
  	<item name="description" >
  	    <position x="22" y="0"/>
  	</item>    
    	<item name="powerlife" >
    	    <position x="158" y="247"/>
  	    <formattedtext>power/life</formattedtext>
    	    <filter>creature</filter>
    	</item>
  	<item name="mana" >
	    <position x="75" y="-112"/>
  	</item>
  	<item name="types" >
  	    <position x="22" y="49"/>
  	</item>
  	<item name="expansionrarity" >
	    <position x="22" y="255"/>
  	    <formattedtext>expansion rarity</formattedtext>
  	</item>
  	<item name="expansionrarity2" >
	    <position x="22" y="255"/>
	    <formattedtext>expansion rarity</formattedtext>
	    <font size="80" color="255,255,255,255" />
	    <filter>[black;green;blue]</filter>
  	</item>
  </rendertinycrop>
</cardgui>
